path,id,receipt
logo192.png,oqI_f2NzaJq7SIrhOL1Q3j31m3vSaJAIMGvAbzHr0fQ,"{""id"":""oqI_f2NzaJq7SIrhOL1Q3j31m3vSaJAIMGvAbzHr0fQ"",""block"":1303175,""deadlineHeight"":1303175,""public"":""pGFsvdSB9sxbwU5L4HD2v12DK40kzZ5N69s6WlI3Uw9pFdHMHei3n1Tv4jvZqU9yeIMGsS60MQRvfJK1AEoNYsQqk4Rciajw0_IemZdwlt4u4voDALRalrQ3NV4knOlHRY11anqV0fNhikWCsiRPukIRZrdcFfqzFr0boH8bou7DgESNvWxROOxSC149oKxJ06FQsBDaIeElBsR8qTddybvXqMagXCM9y_HNrtAoz_8LgPjQtK5LFEbXhh9PyI_GOuoHyzJUc9Sm-V9kCB4kTm-SHrPbETQnvejZBcqEHxNcDNWBv6CWjj3-0V3dFMhjM1cy14d0Lm4j0IyRLm9bHM3s0ssVDd20gjWyar-D0o6guJIrteEC7UGR-w1yvXoGuIwdfZeoSAZ_CU9FrOJfQCTDs2aLgdCNeYKXg0Rt8YZL_elZnG7utCkO78TwxbGqear_I-1dlO39CUlo13YSS6pPonioWqkzXcXh93G7BYjgUxcPJ31kLyr2wBRA4OObAYRvh-5V3TkULlmwR4Q0pV3cUeOLI94b4WhaDZDI_RIJiCXQvtGy190NqTBeVogPrrAXLFkK0E013GByHrmzZoELfSUorjK-bDk4wXxdbVqzY7KXP-NEt3Bu-woinbUf56i3DXLrYlwINYK39VUydGpcQLZ5EDCL4u_IL_iFPt0"",""signature"":""eOZP3AKI-nSvMCPX9JISH_DRH3HhyajP6zyFUqEwALQWg5bxlqP1HKSVlwLGbHK2puT4ey4fIMaSC-uPB-oimp1yoCb3t9D94LLJxZDjn92TRyyyD10CTHhYn1WoIfJMAVgb20aCgq86Jq_xKSPlFny7XKk0dnNJu9pUDRO8UkU7vUzZ7FO4U6d3cgAAh7XTjU1WgBkH84ADVSfJhTy27cL_V5lPOTKBze19Bklo6L71DZJsoV8R7yILUgFIT1iO56HLI8-uMBFsRWrLYdna6nAGYDZSbSxMOGajVQeTMBaNMSISeOTz_ZWNHIK648x67i2yTyVOoC_gdcoUILvyo8G1ipAzQjiDh4rjom5T_g8SkQtZNZ3HknnkTNwyjQcl1-j4ghkHH5aolrTQbxPNPfiCeW8SvVa7YCI0oJJ3t13tJ0TUNXXgsue7DjFqCW1oF4dcausEvXypZya3q_6EgrsRi4m1YhTs-ksD1SDljrpU2isSWi4HCqrDNBMySDMAefaKgjhjYKy6IVQZl3yq4Je0q8uQnkwDiI01yonIPd3m-21VC3P4F2Mr1nkRFkMvTLXvOqwgvsrDkevLYiFQOwSf1SD0KQmoK9vRWZ7GUmEgYO6_SO1n8nGe1F1_IYw8zNgBMVL9HCZ3o1leFCHs9xl5Uyts2ke14nthoxn0VDQ"",""timestamp"":1699575380920,""validatorSignatures"":[],""version"":""1.0.0""}"
static/media/logo.5acf2fce695afe911576.png,HW18mnhxxuli2Rc72RX_xl53XRMhUzzSF4QPXjKtnGE,"{""id"":""HW18mnhxxuli2Rc72RX_xl53XRMhUzzSF4QPXjKtnGE"",""block"":1303175,""deadlineHeight"":1303175,""public"":""pGFsvdSB9sxbwU5L4HD2v12DK40kzZ5N69s6WlI3Uw9pFdHMHei3n1Tv4jvZqU9yeIMGsS60MQRvfJK1AEoNYsQqk4Rciajw0_IemZdwlt4u4voDALRalrQ3NV4knOlHRY11anqV0fNhikWCsiRPukIRZrdcFfqzFr0boH8bou7DgESNvWxROOxSC149oKxJ06FQsBDaIeElBsR8qTddybvXqMagXCM9y_HNrtAoz_8LgPjQtK5LFEbXhh9PyI_GOuoHyzJUc9Sm-V9kCB4kTm-SHrPbETQnvejZBcqEHxNcDNWBv6CWjj3-0V3dFMhjM1cy14d0Lm4j0IyRLm9bHM3s0ssVDd20gjWyar-D0o6guJIrteEC7UGR-w1yvXoGuIwdfZeoSAZ_CU9FrOJfQCTDs2aLgdCNeYKXg0Rt8YZL_elZnG7utCkO78TwxbGqear_I-1dlO39CUlo13YSS6pPonioWqkzXcXh93G7BYjgUxcPJ31kLyr2wBRA4OObAYRvh-5V3TkULlmwR4Q0pV3cUeOLI94b4WhaDZDI_RIJiCXQvtGy190NqTBeVogPrrAXLFkK0E013GByHrmzZoELfSUorjK-bDk4wXxdbVqzY7KXP-NEt3Bu-woinbUf56i3DXLrYlwINYK39VUydGpcQLZ5EDCL4u_IL_iFPt0"",""signature"":""BhS86CGPIeKv1_ybdh5LF1uNvQngXYLCZBuGIzzwHRdBruWGdeJcDD6_sXzi_fGEqqJoIODcReIRv79RcQXZyagKZTugsezJvUGq7b28krb6uJImneoio_AbTK2JKo5c2MpzbSo80Fa4NeKBBFpHIf2NLRPdrlH5pDkYIwR8jGJpuZeZBS4kdzkkZe515EwaeK_QxO4I9mIuf0ZN2IBkEuYdABdwkOBZfBBY21i9Ep-ADt6kd3qrdsFT9v3tTL1lUDpO0eFEmtV_-OYnPj1CYHXeUSVW8gFXlbXCGzy8p7HlTjJuv4e0LgcS2HbIj0jldueAStAxS12iwYpxhvdX1weNKP859iV4-4pvZfPUwoKrDHPjwrT88i124CvKAlkPboUsust4LoxjXw758K_vIo0A6nhZlkhyeiRAqp4KE3W0yfanzf0chrdVtqo750e8l85ToP3xHmaC5jW0Cw9uDafIa5Y9JoHx9l8fiHynGjfc6w1-Xh7F79G3b-oH8-NYPhIEVimq-K3Y1wlMcftei8E4i55HY_6hPlWjB4dRpehD9PBQPx8browyfByF1IzjXfz5yXocO5qqGAQRgh7QbE1qJjjlSASdTpgFSLhX-wEjDBPeJxzbT3sOXVUQ7NXu5iG3TpnGphbSu2ioBgPziZ8ZNjCRpXvy5UUx6WwIgf0"",""timestamp"":1699575381189,""validatorSignatures"":[],""version"":""1.0.0""}"
asset-manifest.json,zwa4h3yfJzaKXvn9kAUW5TMi8Sngn0eeqlPrpCsJs4Q,"{""id"":""zwa4h3yfJzaKXvn9kAUW5TMi8Sngn0eeqlPrpCsJs4Q"",""block"":1303175,""deadlineHeight"":1303175,""public"":""pGFsvdSB9sxbwU5L4HD2v12DK40kzZ5N69s6WlI3Uw9pFdHMHei3n1Tv4jvZqU9yeIMGsS60MQRvfJK1AEoNYsQqk4Rciajw0_IemZdwlt4u4voDALRalrQ3NV4knOlHRY11anqV0fNhikWCsiRPukIRZrdcFfqzFr0boH8bou7DgESNvWxROOxSC149oKxJ06FQsBDaIeElBsR8qTddybvXqMagXCM9y_HNrtAoz_8LgPjQtK5LFEbXhh9PyI_GOuoHyzJUc9Sm-V9kCB4kTm-SHrPbETQnvejZBcqEHxNcDNWBv6CWjj3-0V3dFMhjM1cy14d0Lm4j0IyRLm9bHM3s0ssVDd20gjWyar-D0o6guJIrteEC7UGR-w1yvXoGuIwdfZeoSAZ_CU9FrOJfQCTDs2aLgdCNeYKXg0Rt8YZL_elZnG7utCkO78TwxbGqear_I-1dlO39CUlo13YSS6pPonioWqkzXcXh93G7BYjgUxcPJ31kLyr2wBRA4OObAYRvh-5V3TkULlmwR4Q0pV3cUeOLI94b4WhaDZDI_RIJiCXQvtGy190NqTBeVogPrrAXLFkK0E013GByHrmzZoELfSUorjK-bDk4wXxdbVqzY7KXP-NEt3Bu-woinbUf56i3DXLrYlwINYK39VUydGpcQLZ5EDCL4u_IL_iFPt0"",""signature"":""J7b_MuwkTqreoNau1drDhocpvGhO3Vg79O6joyM5H-Y1QpyFoikzW2llRhcwBmqBkRyzfgcNH_TVPH8kYNJ0AOKadbNdqzAZ7B7X_m6NTWOn5rc-wv2Ei6CG2hUnXPsEkZEZC6nYrHc-On_b0SdMybWhC1JZs-4r1hC4M-uf1MDE2OkhCD9ZTAd1jjktGm_MY31ge6ZS7lGM3rfLcZm4N_NVxgkxve2KdlxYiEEkFqhWJMKZMIFCveGlwJ6ry0llzpqsc2Zi9U6JXKLm8Rc-kbLJPCwTUuWPrz4SmXE6mVQ7szWKzlz4PtMwNKjmetOk2NXpBb0bljyY-jJWWdDvs1ljbVWOUzaObWiLYmn1X617kS8eAsO8xIk1bf3xXJBxBqiOofmjSJ_qxeZJIgJ1TS2RQaxvsvvvQsBcS92d9DpxQbJ1M20IRIhRjW8wgpQIH8epmjlxw3Ir_M4h7XQFt2TUNkzV4oq1X-EM_w_3bHtdeW4Nfoglxo70y93-VjektXpJMfpRV2Hts7q75NKjIEbKCNmvGe_9TlZwJu6Sg1MPNWj42j2Oh3YXCIGIQFYlckT_JGwo7QX_PXw2Ck2ZBcCykZNvQcHyfZxjgtPqd7_DAZ12XLBxUasmh6RIILtEJt5c_TsFpCBWSO1jnIGKWw-KeWc3DOWtJGkqxwHhwn0"",""timestamp"":1699575381255,""validatorSignatures"":[],""version"":""1.0.0""}"
static/css/main.d44fe07e.css.map,x6aKhcGaOk-PvzLPRNbR9ysQ6DSnUeBy1HYNvinQnQg,"{""id"":""x6aKhcGaOk-PvzLPRNbR9ysQ6DSnUeBy1HYNvinQnQg"",""block"":1303175,""deadlineHeight"":1303175,""public"":""pGFsvdSB9sxbwU5L4HD2v12DK40kzZ5N69s6WlI3Uw9pFdHMHei3n1Tv4jvZqU9yeIMGsS60MQRvfJK1AEoNYsQqk4Rciajw0_IemZdwlt4u4voDALRalrQ3NV4knOlHRY11anqV0fNhikWCsiRPukIRZrdcFfqzFr0boH8bou7DgESNvWxROOxSC149oKxJ06FQsBDaIeElBsR8qTddybvXqMagXCM9y_HNrtAoz_8LgPjQtK5LFEbXhh9PyI_GOuoHyzJUc9Sm-V9kCB4kTm-SHrPbETQnvejZBcqEHxNcDNWBv6CWjj3-0V3dFMhjM1cy14d0Lm4j0IyRLm9bHM3s0ssVDd20gjWyar-D0o6guJIrteEC7UGR-w1yvXoGuIwdfZeoSAZ_CU9FrOJfQCTDs2aLgdCNeYKXg0Rt8YZL_elZnG7utCkO78TwxbGqear_I-1dlO39CUlo13YSS6pPonioWqkzXcXh93G7BYjgUxcPJ31kLyr2wBRA4OObAYRvh-5V3TkULlmwR4Q0pV3cUeOLI94b4WhaDZDI_RIJiCXQvtGy190NqTBeVogPrrAXLFkK0E013GByHrmzZoELfSUorjK-bDk4wXxdbVqzY7KXP-NEt3Bu-woinbUf56i3DXLrYlwINYK39VUydGpcQLZ5EDCL4u_IL_iFPt0"",""signature"":""Bthu0UiY16wnx6xiidrKUU9ytbHXikgdTu2l9-bM32GW-tXpeANb0ehzrRihEejp_yZnjVNLPjU6bkhgdhN8tlFNUvShC6EZsORe9OtF2_QOqw7q1bxLWLy5yFgjFGg4BvjNhnzcb4oIuRU_UCn4HrPBTo__Zx3oMwW7suZ5oRVjqi4Ygx3UuTxfAHWFhjPykYkZUxq7xl-PES5SmZNcp3uJIC3ulLidVC4o3Z4ZSjjTZoLPZho-cAD6p7C5atwMwOVeuEIGJuPyZ0NPKRiB5jv4SpnWIfRffQTMs6uBZLaJqrOVrn1goSZu3oElkwYbmCCotb8yGgUuR0FgJWwTta4VsqtGmldMpRrjhOBUBHA-oxgG4weBhPwMBegP35mZMPJTOFbTuDXk9mZfaI5rY7PmqRYTUHDrCFBXJGggtpmY-yQ3DkF0iL8DYG_rwSAaO1bGr0FnFFPdGmwo2qmfQtMYYCB_6YPQ-sEhrAikDpDXyJKEpJ94oo_eELJyXx5Ky0VWL5vKhv49VUNBFqJknO5g-eZhpEeJ2-iSPmxN_49tGmq2N_xG2sa8PpGKEhL1F5g1Se-E1ijExserT63Xio3-qaa4mq3UE3fJ8woDLaithXU_wkA5f6iqjbqnOX7emDQPMt6B4WFWUc42V6syKwpxbquJMNGWWsSU6m-MBx8"",""timestamp"":1699575381297,""validatorSignatures"":[],""version"":""1.0.0""}"
index.html,Je609kUdE85bd8DaJCjuF_tK_cev2iyncLbLAml-LVg,"{""id"":""Je609kUdE85bd8DaJCjuF_tK_cev2iyncLbLAml-LVg"",""block"":1303175,""deadlineHeight"":1303175,""public"":""pGFsvdSB9sxbwU5L4HD2v12DK40kzZ5N69s6WlI3Uw9pFdHMHei3n1Tv4jvZqU9yeIMGsS60MQRvfJK1AEoNYsQqk4Rciajw0_IemZdwlt4u4voDALRalrQ3NV4knOlHRY11anqV0fNhikWCsiRPukIRZrdcFfqzFr0boH8bou7DgESNvWxROOxSC149oKxJ06FQsBDaIeElBsR8qTddybvXqMagXCM9y_HNrtAoz_8LgPjQtK5LFEbXhh9PyI_GOuoHyzJUc9Sm-V9kCB4kTm-SHrPbETQnvejZBcqEHxNcDNWBv6CWjj3-0V3dFMhjM1cy14d0Lm4j0IyRLm9bHM3s0ssVDd20gjWyar-D0o6guJIrteEC7UGR-w1yvXoGuIwdfZeoSAZ_CU9FrOJfQCTDs2aLgdCNeYKXg0Rt8YZL_elZnG7utCkO78TwxbGqear_I-1dlO39CUlo13YSS6pPonioWqkzXcXh93G7BYjgUxcPJ31kLyr2wBRA4OObAYRvh-5V3TkULlmwR4Q0pV3cUeOLI94b4WhaDZDI_RIJiCXQvtGy190NqTBeVogPrrAXLFkK0E013GByHrmzZoELfSUorjK-bDk4wXxdbVqzY7KXP-NEt3Bu-woinbUf56i3DXLrYlwINYK39VUydGpcQLZ5EDCL4u_IL_iFPt0"",""signature"":""edfPxQbbCeklxIJdaB9VkcRvOvd157H1FWkKRifBQuEZu-eoHER-oZpQq0f4hkFlQaAOQ5ENv95AUCntVfdNr85k3zt9m_E4r08PuflccpjyQi3qXV_RaMoTXCrK4SmTNGSInQsv74pYxM8w7GJJm0FoK-J74m3vHs7oX2zJa0_4IQ2H8f3Y-z1gxw_7x8B1Qrof-dNucEH90N-A-pvxw1sDdS4nLStka8SEcC6YUmcsRZAsmLzCf2guZN6sAJcXtBVT_KhlNro5lC-NR-q_hiu6iwkSd_xKs7CQ_rFonyI_2ueYTabiSlRzAzOGPZntFMV1oIGNZGoAnW4Lv5WH5eEcnEzE5s9AZMJBfQNxnh9qRehWZbf6DkBegHO0TgARaXcj6dsqBFjuACLf2Y1ypMQMtAIl3A6qLvRC4HQq-rbFRstTa9pmOpt22_JLqArvtsrR4DbJbLwhmhGt8DeWqmtmTh-mQ483XkgzacPF7UtAadHJWHedmzLEqt6M33qFG_mcFtW4E8uKZNycb-4-8lnXQBDUywjgcDTXZmXzAMkk4hXILZ9tQfPRqiudXq5y6ei8HIUnkQRfook_dM_-1nB3io7jDPT112GtOXp3F-DYX8HjzIY4EHREo_8Rfb3nmg6H6EdyFprZrm4Y2-IjXCDdOvRltASEbFFhQBkym9E"",""timestamp"":1699575381388,""validatorSignatures"":[],""version"":""1.0.0""}"
static/css/main.d44fe07e.css,y_5y1PqkYEj0xATPEo0xuNj5tgOs79kBZAHmnxqhqps,"{""id"":""y_5y1PqkYEj0xATPEo0xuNj5tgOs79kBZAHmnxqhqps"",""block"":1303175,""deadlineHeight"":1303175,""public"":""pGFsvdSB9sxbwU5L4HD2v12DK40kzZ5N69s6WlI3Uw9pFdHMHei3n1Tv4jvZqU9yeIMGsS60MQRvfJK1AEoNYsQqk4Rciajw0_IemZdwlt4u4voDALRalrQ3NV4knOlHRY11anqV0fNhikWCsiRPukIRZrdcFfqzFr0boH8bou7DgESNvWxROOxSC149oKxJ06FQsBDaIeElBsR8qTddybvXqMagXCM9y_HNrtAoz_8LgPjQtK5LFEbXhh9PyI_GOuoHyzJUc9Sm-V9kCB4kTm-SHrPbETQnvejZBcqEHxNcDNWBv6CWjj3-0V3dFMhjM1cy14d0Lm4j0IyRLm9bHM3s0ssVDd20gjWyar-D0o6guJIrteEC7UGR-w1yvXoGuIwdfZeoSAZ_CU9FrOJfQCTDs2aLgdCNeYKXg0Rt8YZL_elZnG7utCkO78TwxbGqear_I-1dlO39CUlo13YSS6pPonioWqkzXcXh93G7BYjgUxcPJ31kLyr2wBRA4OObAYRvh-5V3TkULlmwR4Q0pV3cUeOLI94b4WhaDZDI_RIJiCXQvtGy190NqTBeVogPrrAXLFkK0E013GByHrmzZoELfSUorjK-bDk4wXxdbVqzY7KXP-NEt3Bu-woinbUf56i3DXLrYlwINYK39VUydGpcQLZ5EDCL4u_IL_iFPt0"",""signature"":""DC8DTAjhnApjJzM9CMucquGoYZpfBMUycGBoLHNlO1dAyy3ZPCo8y7pswWyaMRkdbC7KiX9iHrJEw9xY5zZBcP24TFCvHLMtN-IVc86XblKojFB4B9vnbjk4XCs_XCB7nU82YepQkqLLdF0n4WypShoPst_MfqEoa7W2_1PlqwbaTXU9OlDzJDytIcGdaY39p04S2dL-70Sv6AcQomQ9nKM0IKHsk4YeTQujG8xu2i2H7wZrXwaVYbOgtdUmBjI1YFXW9vSiROPTSUfiLabWubFuIYJ-gWz68nhP2fGumfD9dERZblqlU8Y-ms_cZBnYAzey6vtkPv7KWpM9WksqGAs6zww9mIv9yNJLujHMfvGuvagpjh-ugFYw1j-IymLKQ-ZxiW6KG9OagcW2Io1qpURLgQGIs3EK7jeO-HT3jgL7OoVmLubhW1h_O1NbsYrQ3pyFA2s3t-H3--djFm1ckI6GBOasL6iOViA4PSYUIdOKlKgCsyKuUJakTSEOVdbUaziM3o7h1k3hJ_pG8TVURkG-NM5_lVwVicY1vG2k-9R_boyOySWnx5fdCG3hm9ow7YOnTDL8Ii3cgYK769KMrkCb_EMjTo4EKh5kLitH1nUA0wp4L58xJO_scA7H5SxkxTRAxIw1dJNkjwJwonqpV519spcGwKzmfuPUs7UuEI4"",""timestamp"":1699575381601,""validatorSignatures"":[],""version"":""1.0.0""}"
static/js/787.be6991bb.chunk.js.map,KNG1elXzOz7yT2xGV38vawE9KKfg1NctxKIKUfC3sB4,"{""id"":""KNG1elXzOz7yT2xGV38vawE9KKfg1NctxKIKUfC3sB4"",""block"":1303175,""deadlineHeight"":1303175,""public"":""pGFsvdSB9sxbwU5L4HD2v12DK40kzZ5N69s6WlI3Uw9pFdHMHei3n1Tv4jvZqU9yeIMGsS60MQRvfJK1AEoNYsQqk4Rciajw0_IemZdwlt4u4voDALRalrQ3NV4knOlHRY11anqV0fNhikWCsiRPukIRZrdcFfqzFr0boH8bou7DgESNvWxROOxSC149oKxJ06FQsBDaIeElBsR8qTddybvXqMagXCM9y_HNrtAoz_8LgPjQtK5LFEbXhh9PyI_GOuoHyzJUc9Sm-V9kCB4kTm-SHrPbETQnvejZBcqEHxNcDNWBv6CWjj3-0V3dFMhjM1cy14d0Lm4j0IyRLm9bHM3s0ssVDd20gjWyar-D0o6guJIrteEC7UGR-w1yvXoGuIwdfZeoSAZ_CU9FrOJfQCTDs2aLgdCNeYKXg0Rt8YZL_elZnG7utCkO78TwxbGqear_I-1dlO39CUlo13YSS6pPonioWqkzXcXh93G7BYjgUxcPJ31kLyr2wBRA4OObAYRvh-5V3TkULlmwR4Q0pV3cUeOLI94b4WhaDZDI_RIJiCXQvtGy190NqTBeVogPrrAXLFkK0E013GByHrmzZoELfSUorjK-bDk4wXxdbVqzY7KXP-NEt3Bu-woinbUf56i3DXLrYlwINYK39VUydGpcQLZ5EDCL4u_IL_iFPt0"",""signature"":""gAWRwi1E9YinGpltLPWK5LrYNDJGgzIJ9QJvFJhUDI-AGqvMNj02ooC3H7WjZP4Rx_1rWSHO4OlHXhJTY1F-rw08Cuii7WvKAc0ve68cZfxdrW62w2xs-skZoD8vNbc0NwecjhEDna5fw2qemaumtWTHcOsEq53cBkVTkAHTRddEiSmTkTH6H-8fm3DywLK9pj-D0pbIo9JrGd30kJdoic2fqU6QUEQp8v9hMS_zfdD3DCt8HpIWuyBPqC43q5VCtTDzZ-ZISQ6KX6J6nBC0UW1r2zj_Di0cJlRtzOPp-itA_aHVEaiealOyrJlRVXz8pAt0ESvhBAQUr2bJJP90z4AKHXaUKyWgeP479d_yFKqcac4ZxGGBxVePx0bYnubeZnCE2xsSV6DH-C7rhMvU7Jmo4AQcuvc3P0lESqTO2m_T-f-YsmalWih6-MjM5fWjWMHdhEbl7oWzsTrSe3bKSsCzDrOoMaPmhLMwS8nxlfDg84sXp1WzMn6OSuG0GN1d8Oqv_1b6h11KzmXNlWgKQwFCsDJgxw1sr7swZ20PR4eeoK_kZpg5sNWj_H2H9vFJ5NcIUcrTvnc1LpoqR0ibb3i3vGITP3j7VP1YC-z6-EGApcy-dgzPie3vk0huc4V_cRNCQ-kq9lyw4Un6XydVlYzcbCByx2jVfj-W9ET4FLY"",""timestamp"":1699575381874,""validatorSignatures"":[],""version"":""1.0.0""}"
static/js/main.d19dcf2d.js.LICENSE.txt,KcTTHA6e1k3yIj-7WP2Ae651yTvEYuQ3mbWp_Tm9Ar4,"{""id"":""KcTTHA6e1k3yIj-7WP2Ae651yTvEYuQ3mbWp_Tm9Ar4"",""block"":1303175,""deadlineHeight"":1303175,""public"":""pGFsvdSB9sxbwU5L4HD2v12DK40kzZ5N69s6WlI3Uw9pFdHMHei3n1Tv4jvZqU9yeIMGsS60MQRvfJK1AEoNYsQqk4Rciajw0_IemZdwlt4u4voDALRalrQ3NV4knOlHRY11anqV0fNhikWCsiRPukIRZrdcFfqzFr0boH8bou7DgESNvWxROOxSC149oKxJ06FQsBDaIeElBsR8qTddybvXqMagXCM9y_HNrtAoz_8LgPjQtK5LFEbXhh9PyI_GOuoHyzJUc9Sm-V9kCB4kTm-SHrPbETQnvejZBcqEHxNcDNWBv6CWjj3-0V3dFMhjM1cy14d0Lm4j0IyRLm9bHM3s0ssVDd20gjWyar-D0o6guJIrteEC7UGR-w1yvXoGuIwdfZeoSAZ_CU9FrOJfQCTDs2aLgdCNeYKXg0Rt8YZL_elZnG7utCkO78TwxbGqear_I-1dlO39CUlo13YSS6pPonioWqkzXcXh93G7BYjgUxcPJ31kLyr2wBRA4OObAYRvh-5V3TkULlmwR4Q0pV3cUeOLI94b4WhaDZDI_RIJiCXQvtGy190NqTBeVogPrrAXLFkK0E013GByHrmzZoELfSUorjK-bDk4wXxdbVqzY7KXP-NEt3Bu-woinbUf56i3DXLrYlwINYK39VUydGpcQLZ5EDCL4u_IL_iFPt0"",""signature"":""KCgFj9N4bTWwfMtSUTAs5T8A6owLVxIISGhPjpeAJyigfKerOZE312Q0STiNGfNRvmYb0NvEQs63kYKy98pff4nQZEYufiJDiS7-qaANBcFBLkB6r0HleTEFbXOhUUKa3vyg8KfDcF4zwSAgsUwm8EIB64HhyKANCI7XO7AAvgiVa5ENkuyP22bA8pYKH6LCFREM1ZUPlwh1lFIIHl-FA-w5fFd2xp_mKKd_2sDLJsujU4OPcoQ2TLGn7fE-4SdOoyQ7cJploChQwlLMfGoYMF85AqqZrnR1K1a_F4eRnPHYzSypIXFMgyYvebMRlSZbJzvFW0MIbSoXgiTuMv8sKjd7Sxp7evM2BV-7aol-y3AuB0L8NYWWODkdJJLBkcgpzDGI1CpB90mXK1EQoODiD6P5ZobAZ69olhxbim13uARrixRAoiNddzL4t6Mat_zZd1QNVxfUdcYMK5r2fj0lXwIhnt7GusED8KVqQAD3orPO2bw3Vymm-7xaISuGwIugD0j7blt-6uf3mqZnFhcFBBODuNERCUIru6eV_WMaaDGJHVCBFqw4pwtSp-3IQ2QJhvET7gike9ZtQ-CPz5E4Ay9mIzIQpn_HFztBQS25E7HjssGoid-B97Jd0_ZZcF7hNNIXLpn79Rhy_RVS513C6D7JDJHod9krF00lE_Rk3oE"",""timestamp"":1699575381941,""validatorSignatures"":[],""version"":""1.0.0""}"
static/js/787.be6991bb.chunk.js,6Y67B32T3fumX44iie9Ke3T5sL9bG9L3mv1wbZxRf5U,"{""id"":""6Y67B32T3fumX44iie9Ke3T5sL9bG9L3mv1wbZxRf5U"",""block"":1303175,""deadlineHeight"":1303175,""public"":""pGFsvdSB9sxbwU5L4HD2v12DK40kzZ5N69s6WlI3Uw9pFdHMHei3n1Tv4jvZqU9yeIMGsS60MQRvfJK1AEoNYsQqk4Rciajw0_IemZdwlt4u4voDALRalrQ3NV4knOlHRY11anqV0fNhikWCsiRPukIRZrdcFfqzFr0boH8bou7DgESNvWxROOxSC149oKxJ06FQsBDaIeElBsR8qTddybvXqMagXCM9y_HNrtAoz_8LgPjQtK5LFEbXhh9PyI_GOuoHyzJUc9Sm-V9kCB4kTm-SHrPbETQnvejZBcqEHxNcDNWBv6CWjj3-0V3dFMhjM1cy14d0Lm4j0IyRLm9bHM3s0ssVDd20gjWyar-D0o6guJIrteEC7UGR-w1yvXoGuIwdfZeoSAZ_CU9FrOJfQCTDs2aLgdCNeYKXg0Rt8YZL_elZnG7utCkO78TwxbGqear_I-1dlO39CUlo13YSS6pPonioWqkzXcXh93G7BYjgUxcPJ31kLyr2wBRA4OObAYRvh-5V3TkULlmwR4Q0pV3cUeOLI94b4WhaDZDI_RIJiCXQvtGy190NqTBeVogPrrAXLFkK0E013GByHrmzZoELfSUorjK-bDk4wXxdbVqzY7KXP-NEt3Bu-woinbUf56i3DXLrYlwINYK39VUydGpcQLZ5EDCL4u_IL_iFPt0"",""signature"":""RZUfQ2R8LalJk1vs3cus0fkAFmXkOu1-ngRYYEk0acNM0Kph-GtTm7Vp46wvo82ZazkERjXvE5Z3vwZKEtS4gXhx-bcHy2i1HdOdYvAUvJrv-YAzqAAl7m6N4Y-XamfQ3K545uYYbtrCsxXOfLEOjxCtVpi4_-80HQ3b9wE-fVIQGIL4RcZ0ibvzKFFGLeB4B-OI-xZbkWskpQreIfnhDq7qpiSKYGVQIqROE-4HQQ_hFF1ATm1KMYrMwpBA4t9VC1ngTBEcsW6ZttmPsyVjpp2Ayh0CgKT7sORK_am-GUcuT0mYu9gUMtv21wW04bo_-CYK_vfBaYwTBi99-CeEmo6KcR4b9f19ED8aBWWAVnZnTI1MkKEnRo1sXRH6q_stl86RNDz2pFOw4TYWFqBP-DfKdYO55LU6gs524JMv-x0xi1EX8sHP_VwPYRkIEo43dckowCl4yaCD9UGoBBNw_GiJcFE7kTciyGsrMKiYlgkpMY5CipIWS02GM2wsdW9JiceY0Ayug6I4pgpSLpY6O6rb0W5lv9AterkBuQonHtX3lsXKBcm1a_-MTSyK7z_PckTK4-pN_gk0IgnzXZQMoI6q7p9RZw0xFPmNHqWEXrgSJAR7p6FTz6CKS-qU780izqaqALqQezCbgJz5jFKxT68sHSvvf9bXkJte6v0Cx-g"",""timestamp"":1699575382184,""validatorSignatures"":[],""version"":""1.0.0""}"
manifest.json,HUcjAg_9rt1e12asePVXq5-qnvxJWUQMR4V2VOxSCeo,"{""id"":""HUcjAg_9rt1e12asePVXq5-qnvxJWUQMR4V2VOxSCeo"",""block"":1303175,""deadlineHeight"":1303175,""public"":""pGFsvdSB9sxbwU5L4HD2v12DK40kzZ5N69s6WlI3Uw9pFdHMHei3n1Tv4jvZqU9yeIMGsS60MQRvfJK1AEoNYsQqk4Rciajw0_IemZdwlt4u4voDALRalrQ3NV4knOlHRY11anqV0fNhikWCsiRPukIRZrdcFfqzFr0boH8bou7DgESNvWxROOxSC149oKxJ06FQsBDaIeElBsR8qTddybvXqMagXCM9y_HNrtAoz_8LgPjQtK5LFEbXhh9PyI_GOuoHyzJUc9Sm-V9kCB4kTm-SHrPbETQnvejZBcqEHxNcDNWBv6CWjj3-0V3dFMhjM1cy14d0Lm4j0IyRLm9bHM3s0ssVDd20gjWyar-D0o6guJIrteEC7UGR-w1yvXoGuIwdfZeoSAZ_CU9FrOJfQCTDs2aLgdCNeYKXg0Rt8YZL_elZnG7utCkO78TwxbGqear_I-1dlO39CUlo13YSS6pPonioWqkzXcXh93G7BYjgUxcPJ31kLyr2wBRA4OObAYRvh-5V3TkULlmwR4Q0pV3cUeOLI94b4WhaDZDI_RIJiCXQvtGy190NqTBeVogPrrAXLFkK0E013GByHrmzZoELfSUorjK-bDk4wXxdbVqzY7KXP-NEt3Bu-woinbUf56i3DXLrYlwINYK39VUydGpcQLZ5EDCL4u_IL_iFPt0"",""signature"":""kJpsmsMiby0fOgEnaGVXjHsr1ns4Q34soVmYHuGQwK3uf0BsxpYYS4gms708RuhafV8mHc0f9Twwkwwi2ovGkpRwuVrDCDZCUqOJZ5KB2Fi3O9rQoHv5tZ-3rTRJVfMzGVKQN9rg1RF83K9Mxtoc2IntSV1AppsnO0puNsETkx-lhLVXI2jbMBPmfhE8hTNLk7AXjRehA0ZajnNcfVEIlgKcCal1PzQB543J9RPuYnUAgHVFtyf-_86nI1Mi7vem580j3v76Ts6Gx8HgvWm1PX4bh2sIC458uDp8EvDd6CAe07h96hviIgJNm96Xxs0L--wgeKpdzqSWFcklNuvQQTmsORaRsnxAg4ju_XZCLynziHmqJ5yYaSqCxV2ftHuCwVNC2c0vIWvPRTeRmVvMjw6BqgoFEOZ77Dl63DgLUcffNU81owFOlaOrNYjnhq78mF3Z-sa3sadDmaxpsoPC82qL4EEKGP3xZRJ4iGH3PpO1FYIWkkUswooUXfa7Upme9dXEfv2ehZ7nPApNfdgk5gWOuG-UD4hKMgHTsxWgFEOtKausjO48KLmFOUWGlAm9HJMFb4c1JbD49ddEJvpflj5H7oECBjMvgEn0di81s1n5qLoTBCXRsOnWW7aiCT1e3ZgW0nAGxhPVnzftHwWgHJMnyNLIELpNnxKQiBI4ahk"",""timestamp"":1699575382439,""validatorSignatures"":[],""version"":""1.0.0""}"
logo512.png,BKzBdu93E92FHqT8IJN0eBxrFL3WQqap7-gAiCkRNSI,"{""id"":""BKzBdu93E92FHqT8IJN0eBxrFL3WQqap7-gAiCkRNSI"",""block"":1303175,""deadlineHeight"":1303175,""public"":""pGFsvdSB9sxbwU5L4HD2v12DK40kzZ5N69s6WlI3Uw9pFdHMHei3n1Tv4jvZqU9yeIMGsS60MQRvfJK1AEoNYsQqk4Rciajw0_IemZdwlt4u4voDALRalrQ3NV4knOlHRY11anqV0fNhikWCsiRPukIRZrdcFfqzFr0boH8bou7DgESNvWxROOxSC149oKxJ06FQsBDaIeElBsR8qTddybvXqMagXCM9y_HNrtAoz_8LgPjQtK5LFEbXhh9PyI_GOuoHyzJUc9Sm-V9kCB4kTm-SHrPbETQnvejZBcqEHxNcDNWBv6CWjj3-0V3dFMhjM1cy14d0Lm4j0IyRLm9bHM3s0ssVDd20gjWyar-D0o6guJIrteEC7UGR-w1yvXoGuIwdfZeoSAZ_CU9FrOJfQCTDs2aLgdCNeYKXg0Rt8YZL_elZnG7utCkO78TwxbGqear_I-1dlO39CUlo13YSS6pPonioWqkzXcXh93G7BYjgUxcPJ31kLyr2wBRA4OObAYRvh-5V3TkULlmwR4Q0pV3cUeOLI94b4WhaDZDI_RIJiCXQvtGy190NqTBeVogPrrAXLFkK0E013GByHrmzZoELfSUorjK-bDk4wXxdbVqzY7KXP-NEt3Bu-woinbUf56i3DXLrYlwINYK39VUydGpcQLZ5EDCL4u_IL_iFPt0"",""signature"":""M1bZDZRyNV5-YzLu6rf61IPPSH-dklsT4IYxrsum1r9aH9h-ESqmWk1gqqieepbHSPGdG5sdtKXFMR5RQeIXzA4GjKTRVCijDwXpZr8xW3sHUj8b569CVR6ZCyaEqIw7lP5nCOTOnAqZ7l1ifYNq9QFTZ4ncp09uPDlA3R2_sXxqwxy5d9uSvLZyMq-aPq2PPFn_0rOFGgkakWg7u5gdrX8za3n47I8lbaaMNWVZi7WQWWRgVf1mza0jWh7vFPqV2_MlYFtGAcMC1W5nm-_jUimGWCYR9ufh_OCrpcpC5WgGZZ0wLc7nzHLftC09YNNQ6MatCLRj-ZYTjrNfyj5S8HOXbxglRhW8ddHz1X4Z5gA3wtqDeds9WL9KyHi_MTyAz0tEg1WRfUVcc5I3zNlAWUvgRttR1leCZ2sJqh4HvC8VBdqqMgSXdmX0O16rhbmzlagBYkOVKtJ_Zkur3JCxgjfPNezp3JIgJ8pL9hvyTqWEjx1V4sEUTlivAlVZGuxD6CedsCb9cRFBN9FVBWjoskgiCRF2r3HXdsBfbFvYIaIOa9L7d_fM8b-GJhWLSLzvgTWIcLij_gLPD3amwgpvUASb51w7EgtiS9M5t-xpCgHpknY1iYOxuIw-1yjCZzuHK6kFXPwioEl_q66Vp0QM2w7rmGs_Zrl1n5omda_I5nw"",""timestamp"":1699575382463,""validatorSignatures"":[],""version"":""1.0.0""}"
robots.txt,EC4gj32voGhTkecnBc_xWk8ArR1Crwr5dAV7Pse2Ais,"{""id"":""EC4gj32voGhTkecnBc_xWk8ArR1Crwr5dAV7Pse2Ais"",""block"":1303175,""deadlineHeight"":1303175,""public"":""pGFsvdSB9sxbwU5L4HD2v12DK40kzZ5N69s6WlI3Uw9pFdHMHei3n1Tv4jvZqU9yeIMGsS60MQRvfJK1AEoNYsQqk4Rciajw0_IemZdwlt4u4voDALRalrQ3NV4knOlHRY11anqV0fNhikWCsiRPukIRZrdcFfqzFr0boH8bou7DgESNvWxROOxSC149oKxJ06FQsBDaIeElBsR8qTddybvXqMagXCM9y_HNrtAoz_8LgPjQtK5LFEbXhh9PyI_GOuoHyzJUc9Sm-V9kCB4kTm-SHrPbETQnvejZBcqEHxNcDNWBv6CWjj3-0V3dFMhjM1cy14d0Lm4j0IyRLm9bHM3s0ssVDd20gjWyar-D0o6guJIrteEC7UGR-w1yvXoGuIwdfZeoSAZ_CU9FrOJfQCTDs2aLgdCNeYKXg0Rt8YZL_elZnG7utCkO78TwxbGqear_I-1dlO39CUlo13YSS6pPonioWqkzXcXh93G7BYjgUxcPJ31kLyr2wBRA4OObAYRvh-5V3TkULlmwR4Q0pV3cUeOLI94b4WhaDZDI_RIJiCXQvtGy190NqTBeVogPrrAXLFkK0E013GByHrmzZoELfSUorjK-bDk4wXxdbVqzY7KXP-NEt3Bu-woinbUf56i3DXLrYlwINYK39VUydGpcQLZ5EDCL4u_IL_iFPt0"",""signature"":""Km4MC7xblMgiRzOA2TVMF1reE-k7_FSfznpo5UqkPvXOFu6n2yoLXWKeyW47097RiqSZiNhRL0eGMml5T3Q1gprqeuWYicNYIc75TWTE6xNRQ2A2WzM-7cnvnSqL0OwyTn_ZQoUhFoVWh57-vZr56mEbuI1GhgLD2YxqV-NVNXU9uoylxm-RNu58rUrNoUnP8BRwvbtOlamQfdxUwxyE52orcbCgwkai9QopB9EX0jx1eRQ5WgcQ5hb5fvSqhJH4jPseDYOfNvG9QQmrutnkjBs3mx0hcDQwOacQU8ivCnPPAG72joN351f8ksWgvuYoiSlnfKAXl00S9OWGpXdKk68835sdJTjbAs1IDSU_5fKHXSpN7-ZQY31g-yF9bnKWNNlKeF2kGZRyIk6s_3EYD4F0SVvzayrUMVDE012ZFbF3SPck3gYx_h4eyaGaWSSdlAcAoBbGka4TQX7nFclWoACZeO3_HoLOykavjXIPiaE0hBzS6MUt5wtUJ1Vl7TFP4Arhsk_BQG6iDxdikWSfAaJUDqpwW6-XUFjIrnsYCQQpiCFWFEI7CulC2SdjNI5QhNhlYoRs0EaxamLKGPQtPSOvm1t8_voLS2rFy_E3Za_zg8uOJz5LEilflptv1m9-zDZnkdfCOJjJ0qrHP6dJ3gjKjd9vrAtAb21955yGzmI"",""timestamp"":1699575382722,""validatorSignatures"":[],""version"":""1.0.0""}"
favicon.ico,rOMD9S0kmAvTiV6miD-MN_uaAfsQk-_zrD-14WuP-OQ,"{""id"":""rOMD9S0kmAvTiV6miD-MN_uaAfsQk-_zrD-14WuP-OQ"",""block"":1303175,""deadlineHeight"":1303175,""public"":""pGFsvdSB9sxbwU5L4HD2v12DK40kzZ5N69s6WlI3Uw9pFdHMHei3n1Tv4jvZqU9yeIMGsS60MQRvfJK1AEoNYsQqk4Rciajw0_IemZdwlt4u4voDALRalrQ3NV4knOlHRY11anqV0fNhikWCsiRPukIRZrdcFfqzFr0boH8bou7DgESNvWxROOxSC149oKxJ06FQsBDaIeElBsR8qTddybvXqMagXCM9y_HNrtAoz_8LgPjQtK5LFEbXhh9PyI_GOuoHyzJUc9Sm-V9kCB4kTm-SHrPbETQnvejZBcqEHxNcDNWBv6CWjj3-0V3dFMhjM1cy14d0Lm4j0IyRLm9bHM3s0ssVDd20gjWyar-D0o6guJIrteEC7UGR-w1yvXoGuIwdfZeoSAZ_CU9FrOJfQCTDs2aLgdCNeYKXg0Rt8YZL_elZnG7utCkO78TwxbGqear_I-1dlO39CUlo13YSS6pPonioWqkzXcXh93G7BYjgUxcPJ31kLyr2wBRA4OObAYRvh-5V3TkULlmwR4Q0pV3cUeOLI94b4WhaDZDI_RIJiCXQvtGy190NqTBeVogPrrAXLFkK0E013GByHrmzZoELfSUorjK-bDk4wXxdbVqzY7KXP-NEt3Bu-woinbUf56i3DXLrYlwINYK39VUydGpcQLZ5EDCL4u_IL_iFPt0"",""signature"":""Z0UM90I0NYyrAgrRURuZXmsaj_Cb-EmjTxCSk7tQXCCOTimXEutiHpc6ASkD9ihq2wjZPZ4AHUyNL-pBFL0klzLOOzhiSSeD-I8N0a1j5gdZbDnOz360LG4QszewLxdo0FlC1wo7M3mZmJYesfL15AkWRgOt9XPuhqJb39NMsqtDNKQfp41QZgs9I9QRlUAl3xxggo47S9wcBX2a1v1czrU1-SF4y7dUe6aLzjWug240JnitNi18mWuQ1lJDtSl1gm90WRrQ11cTF9UxUeygWtQakc19ddpn_gGxkfb3D5pYHS5_r-njtMHP6DD-W4Kf29g1A8AFD07ERkOMM4kKnLwaD1yaauPZ5Cnb2YZQMJLDk21uyGPc99Pa_qQiDwZlQN4QoA93ueLE98r-Y4xRVptda6YS-YUue1Pd3ZGS70qTimtju1KzaWZtXyfgKA38NZaFuOdWeeUltOIl6u5L4PMlqsaQ99DUm8KuNyYGEA73L44F9FAk8lc2FahxJlq-hiYGIovxHh3GhKSZ24u4ODaNVkcvhqJ38ZumdLAFLH0Ag8qbBgrQ-nvSsQxl837xI_mKQkQlXVY0qjGxCxlihMRzy58SIqnkgLYUy400LNIwuzyCEc1f9OLlxuXCqm7VFDmXqwUlIMC-iuIJ7z6wk7Mv27j898Zyt_tIrw1KvXM"",""timestamp"":1699575382976,""validatorSignatures"":[],""version"":""1.0.0""}"
static/js/main.d19dcf2d.js.map,nA68F-nKbBsiwy7LuT2eP4bL4c6HWK23LqtzNy9KBW4,"{""id"":""nA68F-nKbBsiwy7LuT2eP4bL4c6HWK23LqtzNy9KBW4"",""block"":1303264,""deadlineHeight"":1303264,""public"":""sq9JbppKLlAKtQwalfX5DagnGMlTirditXk7y4jgoeA7DEM0Z6cVPE5xMQ9kz_T9VppP6BFHtHyZCZODercEVWipzkr36tfQkR5EDGUQyLivdxUzbWgVkzw7D27PJEa4cd1Uy6r18rYLqERgbRvAZph5YJZmpSJk7r3MwnQquuktjvSpfCLFwSxP1w879-ss_JalM9ICzRi38henONio8gll6GV9-omrWwRMZer_15bspCK5txCwpY137nfKwKD5YBAuzxxcj424M7zlSHlsafBwaRwFbf8gHtW03iJER4lR4GxeY0WvnYaB3KDISHQp53a9nlbmiWO5WcHHYsR83OT2eJ0Pl3RWA-_imk_SNwGQTCjmA6tf_UVwL8HzYS2iyuu85b7iYK9ZQoh8nqbNC6qibICE4h9Fe3bN7AgitIe9XzCTOXDfMr4ahjC8kkqJ1z4zNAI6-Leei_Mgd8JtZh2vqFNZhXK0lSadFl_9Oh3AET7tUds2E7s-6zpRPd9oBZu6-kNuHDRJ6TQhZSwJ9ZO5HYsccb_G_1so72aXJymR9ggJgWr4J3bawAYYnqmvmzGklYOlE_5HVnMxf-UxpT7ztdsHbc9QEH6W2bzwxbpjTczEZs3JCCB3c-NewNHsj9PYM3b5tTlTNP9kNAwPZHWpt11t79LuNkNGt9LfOek"",""signature"":""oAiyfj0czfxB-2ZeW71j3Rc3EfXZAhgFXlSwRx0lFACvygPlSPh0t33xQJm-Ur0c1hhMcDLP2m6xPt09kLZCgCES2p3AnX-fm_Y1vETnHz-angOxvfwmHFnCD5gqB9GFooUPPe6xGBxnyCKL4uOAYLlzyCsk0WRkP0eMki63L4iyIWz7r1Bc1AJbJX1Ig5jiAmyp2ZdLvrjCF4GAZjwUjFkqRvggAJA2nd76oNJi5mLGgfgBG7DJNCjTIaIpQBNZ86EPga2C1dQTqkkjb_MWgMv-ih95de4oNM64cRjbIjD5HCWpTQgCZxyL92uKstaYcKQ3uUlSqTMUobmCM0WBwYesVf7BJgi4LevcBs0Qu-Me_e-OAxpckDXGdt0qyQdl1gFgEMBTmEUnxgBiOyjAbzLrV-D6GneUwUpFM7KGl4pRY8K0W1EfCzx8vQalGmikj5lTrKPfQ3ZFcpXk6BmJpugHqCPCJ64T6SG1_g6EdfaPGFiJJOXq1JUyKydVLkuQXI91xi9w7mViwzXFFmQoJlcynYUUVqnry7w0dttqtz61hYHPkxeJIH_8x4NIn__DpY9aOzFVeqzC0IzRH_4bYBm3OeP7n9779lRK9IKS35aeryYBLvLKQHmvw0dsXjX87FBOHeiuf1W7P3-JMZ_E6mI-1Jn9WxkelypuOuNSKtM"",""timestamp"":1699585866659,""validatorSignatures"":[],""version"":""1.0.0""}"
static/js/main.d19dcf2d.js,2gkITTHgte4_fkVk4ftw8rPeTKCEvtQC1hP9SPctfdw,"{""id"":""2gkITTHgte4_fkVk4ftw8rPeTKCEvtQC1hP9SPctfdw"",""block"":1303264,""deadlineHeight"":1303264,""public"":""sq9JbppKLlAKtQwalfX5DagnGMlTirditXk7y4jgoeA7DEM0Z6cVPE5xMQ9kz_T9VppP6BFHtHyZCZODercEVWipzkr36tfQkR5EDGUQyLivdxUzbWgVkzw7D27PJEa4cd1Uy6r18rYLqERgbRvAZph5YJZmpSJk7r3MwnQquuktjvSpfCLFwSxP1w879-ss_JalM9ICzRi38henONio8gll6GV9-omrWwRMZer_15bspCK5txCwpY137nfKwKD5YBAuzxxcj424M7zlSHlsafBwaRwFbf8gHtW03iJER4lR4GxeY0WvnYaB3KDISHQp53a9nlbmiWO5WcHHYsR83OT2eJ0Pl3RWA-_imk_SNwGQTCjmA6tf_UVwL8HzYS2iyuu85b7iYK9ZQoh8nqbNC6qibICE4h9Fe3bN7AgitIe9XzCTOXDfMr4ahjC8kkqJ1z4zNAI6-Leei_Mgd8JtZh2vqFNZhXK0lSadFl_9Oh3AET7tUds2E7s-6zpRPd9oBZu6-kNuHDRJ6TQhZSwJ9ZO5HYsccb_G_1so72aXJymR9ggJgWr4J3bawAYYnqmvmzGklYOlE_5HVnMxf-UxpT7ztdsHbc9QEH6W2bzwxbpjTczEZs3JCCB3c-NewNHsj9PYM3b5tTlTNP9kNAwPZHWpt11t79LuNkNGt9LfOek"",""signature"":""Pwtw2aQwj-gmDUuOBksS9fcIheXjCNaqszmWKvhZr1nrLDidSS6ttmTK8si8TpFVin4akQvLzq4-swU9FL7ALjc4Q3tLWBOZPI58WsWYCkI1Zh9Qg0ZCtkjZVZL92-etzPXVj6wq7B1UKGCN2ZbdsMz5qXFriOHbyzHA34JtUsc3UsW3hrICgh-jIk55HwozijH3JQnK5IqUEiZEWgj3WWK_74na7DFAEKJQ-HTflmO1ZCVXPw3xL38Gifnw_5Bqsy56FOf6Xwwqh7og55BmgtEv5gCaKjs6Fb3TEnHJyQuW2yzJu3jQk2_SfCSNvY5sRpGEg69mRpbbRtDwLzaNK0I8vx40tGSCr9e2pZAQALo8-QQBv4FvbsokS6rJBVYvilBD-n42KuKj8xKpBOpMwz2Ui7Uld46tpiSIzTicqtEIP1keg4gk-9lTlEjpjbgEMJgoZ4ZsGTD_sJcW2kihGKbi8rFixMBUJt9P4fXsEgpLmRM_WTg90qMtW00rOmD6C7N7WZOUwAJsZJ8-KlFk6aEmJa6XVM9RSyOzDxv4rcYOcMmT4lsKT3aRpJoPHJTTfeMB5ZgGm-z9y38xcAQYvAQkK1S69ir9ro5SvkNNHGJz4gf4iEuv2K8vCjOo-o5wW1AZMPBhsZCuEniBvjvPjEV0WfiaCXGnD5YeMbPCizw"",""timestamp"":1699585866796,""validatorSignatures"":[],""version"":""1.0.0""}"
